/*****************************************************************
****                                                          ****
****    ACS 2.0 CORE SCHEMA                                   ****
****                                                          ****
*****************************************************************/

set time on
set timing on
set echo on
set head off

WHENEVER SQLERROR EXIT FAILURE ROLLBACK;

REM*alter session set nls_date_format = 'YYYY/MM/DD HH24:MI:SS';

REM*************************
REM* Change the spool name
REM*************************

col DATASPOOL noprint new_value NOME_REPORT

select '04_DT08_ACFS_3DS_ACS_WEB_WEB_TABLES_1.0.0_MEPS'||to_char(CURRENT_DATE ,'YYYYMMDDHH24MISS')     DATASPOOL
  from dual ;
spool       &&NOME_REPORT..log

SELECT user FROM dual;

SELECT global_name || '  ' || TO_CHAR(CURRENT_DATE, 'YYYY/MM/DD HH24:MM:SS')FROM global_name;

set serveroutput on

-------------------------------------
---          Update schema        ---
-------------------------------------

---           WEB USERS           ---

-------------------------------------
---              Data             ---
-------------------------------------

INSERT INTO ACS_OWN.WEB_USERS (USER_ID ,USERNAME, PASSWORD, USR_EXP_DATE, INSERTION_DATE, CHECK_PASS_EXP, PASS_EXP_DATE, LAST_LOGIN_DATE, LAST_LOGIN_IP) VALUES (1,'ADMIN', 'f8ed27280564f0e7f945c463e483b800b1f2c6d44f6e9d400a44b2c9bacf0af9', NULL, CURRENT_DATE, 'N', NULL, NULL, NULL);
INSERT INTO ACS_OWN.WEB_USERS (USER_ID ,USERNAME, PASSWORD, USR_EXP_DATE, INSERTION_DATE, CHECK_PASS_EXP, PASS_EXP_DATE, LAST_LOGIN_DATE, LAST_LOGIN_IP) VALUES (2,'KEYMAN', 'af92cc5a5fcdbe8c79ce812d49e8b0f90e73df4b7430ee39372ab2efac7dc65a', NULL, CURRENT_DATE, 'N', NULL, NULL, NULL);
INSERT INTO ACS_OWN.WEB_USERS (USER_ID ,USERNAME, PASSWORD, USR_EXP_DATE, INSERTION_DATE, CHECK_PASS_EXP, PASS_EXP_DATE, LAST_LOGIN_DATE, LAST_LOGIN_IP) VALUES (3,'USER', '16ab94f97bde08b9b51910985f9599a63e9514b4e4d29c652d20621de3b8540d', NULL, CURRENT_DATE, 'N', NULL, NULL, NULL);
INSERT INTO ACS_OWN.WEB_USERS (USER_ID ,USERNAME, PASSWORD, USR_EXP_DATE, INSERTION_DATE, CHECK_PASS_EXP, PASS_EXP_DATE, LAST_LOGIN_DATE, LAST_LOGIN_IP) VALUES (4,'OPER', '0139d6e0cdf615e435eb9f479b68ab480ad7167105e976d20aab6c20d1179274', NULL, CURRENT_DATE, 'N', NULL, NULL, NULL);
INSERT INTO ACS_OWN.WEB_USERS_INFO (USER_INFO_ID, USER_ID,NAME,LASTNAME,PHONE,ADDRESS,EMAIL,ACC_STATUS,ACC_STATUS_DESC) VALUES (1,1,'ACS','ADMIN',NULL,NULL,NULL,'ATTIVO',NULL);
INSERT INTO ACS_OWN.WEB_USERS_INFO (USER_INFO_ID, USER_ID,NAME,LASTNAME,PHONE,ADDRESS,EMAIL,ACC_STATUS,ACC_STATUS_DESC) VALUES (2,2,'ACS','ADMIN',NULL,NULL,NULL,'ATTIVO',NULL);
INSERT INTO ACS_OWN.WEB_USERS_INFO (USER_INFO_ID, USER_ID,NAME,LASTNAME,PHONE,ADDRESS,EMAIL,ACC_STATUS,ACC_STATUS_DESC) VALUES (3,3,'ACS','ADMIN',NULL,NULL,NULL,'ATTIVO',NULL);
INSERT INTO ACS_OWN.WEB_USERS_INFO (USER_INFO_ID, USER_ID,NAME,LASTNAME,PHONE,ADDRESS,EMAIL,ACC_STATUS,ACC_STATUS_DESC) VALUES (4,4,'ACS','ADMIN',NULL,NULL,NULL,'ATTIVO',NULL);
INSERT INTO ACS_OWN.WEB_PROFILES (PROF_DESC, PROFILE_ID) VALUES ('ADMIN', 1);
INSERT INTO ACS_OWN.WEB_PROFILES (PROF_DESC, PROFILE_ID) VALUES ('KEYMAN', 2);
INSERT INTO ACS_OWN.WEB_PROFILES (PROF_DESC, PROFILE_ID) VALUES ('USER', 3);
INSERT INTO ACS_OWN.WEB_PROFILES (PROF_DESC, PROFILE_ID) VALUES ('OPER', 4);
INSERT INTO ACS_OWN.WEB_USERS_PROFILES (USER_ID, PROFILE_ID) VALUES (1, 1);
INSERT INTO ACS_OWN.WEB_USERS_PROFILES (USER_ID, PROFILE_ID) VALUES (2, 2);
INSERT INTO ACS_OWN.WEB_USERS_PROFILES (USER_ID, PROFILE_ID) VALUES (3, 3);
INSERT INTO ACS_OWN.WEB_USERS_PROFILES (USER_ID, PROFILE_ID) VALUES (4, 4);
INSERT INTO ACS_OWN.WEB_PAGES (PAGE_ID, PAGE_NAME, PAGE_DESC, PARENT_PAGE_ID) VALUES (23, 'FILES', 'Files Section', NULL);
INSERT INTO ACS_OWN.WEB_PAGES (PAGE_ID, PAGE_NAME, PAGE_DESC, PARENT_PAGE_ID) VALUES (22, 'PROPERTIES', 'Properties Section', NULL);
INSERT INTO ACS_OWN.WEB_PAGES (PAGE_ID, PAGE_NAME, PAGE_DESC, PARENT_PAGE_ID) VALUES (21, 'CONFIGURATION', 'Configuration Section', NULL);
INSERT INTO ACS_OWN.WEB_PAGES (PAGE_ID, PAGE_NAME, PAGE_DESC, PARENT_PAGE_ID) VALUES (20, 'REPORT', 'Report section', NULL);
INSERT INTO ACS_OWN.WEB_PAGES (PAGE_ID, PAGE_NAME, PAGE_DESC, PARENT_PAGE_ID) VALUES (19, 'USERS', 'Users section', NULL);
INSERT INTO ACS_OWN.WEB_PAGES (PAGE_ID, PAGE_NAME, PAGE_DESC, PARENT_PAGE_ID) VALUES (18, 'CERTIFICATES', 'Certificates section', NULL);
INSERT INTO ACS_OWN.WEB_PAGES (PAGE_ID, PAGE_NAME, PAGE_DESC, PARENT_PAGE_ID) VALUES (17, 'SETTINGS', 'Setting section', NULL);
INSERT INTO ACS_OWN.WEB_PAGES (PAGE_ID, PAGE_NAME, PAGE_DESC, PARENT_PAGE_ID) VALUES (16, 'CONFIGURATION', 'Configuration section', NULL);
INSERT INTO ACS_OWN.WEB_PAGES (PAGE_ID, PAGE_NAME, PAGE_DESC, PARENT_PAGE_ID) VALUES (15, 'CHIAVI HSM', 'Chiavi hsm', 16);
INSERT INTO ACS_OWN.WEB_PAGES (PAGE_ID, PAGE_NAME, PAGE_DESC, PARENT_PAGE_ID) VALUES (14, 'TRANSACTIONS', 'Transactions section', NULL);
INSERT INTO ACS_OWN.WEB_PAGES (PAGE_ID, PAGE_NAME, PAGE_DESC, PARENT_PAGE_ID) VALUES (13, 'REPORT UAR', 'Report Uar', 20);
INSERT INTO ACS_OWN.WEB_PAGES (PAGE_ID, PAGE_NAME, PAGE_DESC, PARENT_PAGE_ID) VALUES (12, 'TEMPLATES RULES', 'Templates Rules', 17);
INSERT INTO ACS_OWN.WEB_PAGES (PAGE_ID, PAGE_NAME, PAGE_DESC, PARENT_PAGE_ID) VALUES (11, 'TEMPLATES', 'Templates', 17);
INSERT INTO ACS_OWN.WEB_PAGES (PAGE_ID, PAGE_NAME, PAGE_DESC, PARENT_PAGE_ID) VALUES (10, 'PAGES', 'Pages', 17);
INSERT INTO ACS_OWN.WEB_PAGES (PAGE_ID, PAGE_NAME, PAGE_DESC, PARENT_PAGE_ID) VALUES (9, 'BIN', 'Bins', 17);
INSERT INTO ACS_OWN.WEB_PAGES (PAGE_ID, PAGE_NAME, PAGE_DESC, PARENT_PAGE_ID) VALUES (8, 'ISSUERS', 'Issuers', 17);
INSERT INTO ACS_OWN.WEB_PAGES (PAGE_ID, PAGE_NAME, PAGE_DESC, PARENT_PAGE_ID) VALUES (7, 'CERTIFICATES LIST', 'Certificates', 18);
INSERT INTO ACS_OWN.WEB_PAGES (PAGE_ID, PAGE_NAME, PAGE_DESC, PARENT_PAGE_ID) VALUES (6, 'CURRENCIES', 'Currencies', 16);
INSERT INTO ACS_OWN.WEB_PAGES (PAGE_ID, PAGE_NAME, PAGE_DESC, PARENT_PAGE_ID) VALUES (5, 'NATIONS', 'Nations', 16);
INSERT INTO ACS_OWN.WEB_PAGES (PAGE_ID, PAGE_NAME, PAGE_DESC, PARENT_PAGE_ID) VALUES (4, 'DIRECTORY', 'Directories', 16);
INSERT INTO ACS_OWN.WEB_PAGES (PAGE_ID, PAGE_NAME, PAGE_DESC, PARENT_PAGE_ID) VALUES (3, 'SYSTEM', 'System config', 16);
INSERT INTO ACS_OWN.WEB_PAGES (PAGE_ID, PAGE_NAME, PAGE_DESC, PARENT_PAGE_ID) VALUES (2, 'USERS LIST', 'User List', 19);
INSERT INTO ACS_OWN.WEB_PAGES (PAGE_ID, PAGE_NAME, PAGE_DESC, PARENT_PAGE_ID) VALUES (1, 'CHANGE PASSWORD', 'Change Password', 19);
INSERT INTO ACS_OWN.WEB_PROFILES_PAGES (PROFILE_ID, PAGE_ID) VALUES (1, 23);
INSERT INTO ACS_OWN.WEB_PROFILES_PAGES (PROFILE_ID, PAGE_ID) VALUES (3, 23);
INSERT INTO ACS_OWN.WEB_PROFILES_PAGES (PROFILE_ID, PAGE_ID) VALUES (4, 23);
INSERT INTO ACS_OWN.WEB_PROFILES_PAGES (PROFILE_ID, PAGE_ID) VALUES (1, 22);
INSERT INTO ACS_OWN.WEB_PROFILES_PAGES (PROFILE_ID, PAGE_ID) VALUES (2, 21);
INSERT INTO ACS_OWN.WEB_PROFILES_PAGES (PROFILE_ID, PAGE_ID) VALUES (1, 21);
INSERT INTO ACS_OWN.WEB_PROFILES_PAGES (PROFILE_ID, PAGE_ID) VALUES (2, 20);
INSERT INTO ACS_OWN.WEB_PROFILES_PAGES (PROFILE_ID, PAGE_ID) VALUES (4, 20);
INSERT INTO ACS_OWN.WEB_PROFILES_PAGES (PROFILE_ID, PAGE_ID) VALUES (3, 20);
INSERT INTO ACS_OWN.WEB_PROFILES_PAGES (PROFILE_ID, PAGE_ID) VALUES (1, 20);
INSERT INTO ACS_OWN.WEB_PROFILES_PAGES (PROFILE_ID, PAGE_ID) VALUES (3, 19);
INSERT INTO ACS_OWN.WEB_PROFILES_PAGES (PROFILE_ID, PAGE_ID) VALUES (4, 19);
INSERT INTO ACS_OWN.WEB_PROFILES_PAGES (PROFILE_ID, PAGE_ID) VALUES (2, 19);
INSERT INTO ACS_OWN.WEB_PROFILES_PAGES (PROFILE_ID, PAGE_ID) VALUES (1, 19);
INSERT INTO ACS_OWN.WEB_PROFILES_PAGES (PROFILE_ID, PAGE_ID) VALUES (1, 18);
INSERT INTO ACS_OWN.WEB_PROFILES_PAGES (PROFILE_ID, PAGE_ID) VALUES (3, 18);
INSERT INTO ACS_OWN.WEB_PROFILES_PAGES (PROFILE_ID, PAGE_ID) VALUES (2, 17);
INSERT INTO ACS_OWN.WEB_PROFILES_PAGES (PROFILE_ID, PAGE_ID) VALUES (1, 17);
INSERT INTO ACS_OWN.WEB_PROFILES_PAGES (PROFILE_ID, PAGE_ID) VALUES (1, 16);
INSERT INTO ACS_OWN.WEB_PROFILES_PAGES (PROFILE_ID, PAGE_ID) VALUES (2, 15);
INSERT INTO ACS_OWN.WEB_PROFILES_PAGES (PROFILE_ID, PAGE_ID) VALUES (1, 14);
INSERT INTO ACS_OWN.WEB_PROFILES_PAGES (PROFILE_ID, PAGE_ID) VALUES (4, 14);
INSERT INTO ACS_OWN.WEB_PROFILES_PAGES (PROFILE_ID, PAGE_ID) VALUES (3, 14);
INSERT INTO ACS_OWN.WEB_PROFILES_PAGES (PROFILE_ID, PAGE_ID) VALUES (1, 13);
INSERT INTO ACS_OWN.WEB_PROFILES_PAGES (PROFILE_ID, PAGE_ID) VALUES (4, 13);
INSERT INTO ACS_OWN.WEB_PROFILES_PAGES (PROFILE_ID, PAGE_ID) VALUES (3, 13);
INSERT INTO ACS_OWN.WEB_PROFILES_PAGES (PROFILE_ID, PAGE_ID) VALUES (2, 13);
INSERT INTO ACS_OWN.WEB_PROFILES_PAGES (PROFILE_ID, PAGE_ID) VALUES (1, 12);
INSERT INTO ACS_OWN.WEB_PROFILES_PAGES (PROFILE_ID, PAGE_ID) VALUES (1, 11);
INSERT INTO ACS_OWN.WEB_PROFILES_PAGES (PROFILE_ID, PAGE_ID) VALUES (1, 10);
INSERT INTO ACS_OWN.WEB_PROFILES_PAGES (PROFILE_ID, PAGE_ID) VALUES (1, 9);
INSERT INTO ACS_OWN.WEB_PROFILES_PAGES (PROFILE_ID, PAGE_ID) VALUES (2, 9);
INSERT INTO ACS_OWN.WEB_PROFILES_PAGES (PROFILE_ID, PAGE_ID) VALUES (1, 8);
INSERT INTO ACS_OWN.WEB_PROFILES_PAGES (PROFILE_ID, PAGE_ID) VALUES (1, 7);
INSERT INTO ACS_OWN.WEB_PROFILES_PAGES (PROFILE_ID, PAGE_ID) VALUES (3, 7);
INSERT INTO ACS_OWN.WEB_PROFILES_PAGES (PROFILE_ID, PAGE_ID) VALUES (1, 6);
INSERT INTO ACS_OWN.WEB_PROFILES_PAGES (PROFILE_ID, PAGE_ID) VALUES (1, 5);
INSERT INTO ACS_OWN.WEB_PROFILES_PAGES (PROFILE_ID, PAGE_ID) VALUES (1, 4);
INSERT INTO ACS_OWN.WEB_PROFILES_PAGES (PROFILE_ID, PAGE_ID) VALUES (1, 3);
INSERT INTO ACS_OWN.WEB_PROFILES_PAGES (PROFILE_ID, PAGE_ID) VALUES (1, 2);
INSERT INTO ACS_OWN.WEB_PROFILES_PAGES (PROFILE_ID, PAGE_ID) VALUES (1, 1);
INSERT INTO ACS_OWN.WEB_PROFILES_PAGES (PROFILE_ID, PAGE_ID) VALUES (2, 1);
INSERT INTO ACS_OWN.WEB_PROFILES_PAGES (PROFILE_ID, PAGE_ID) VALUES (3, 1);
INSERT INTO ACS_OWN.WEB_PROFILES_PAGES (PROFILE_ID, PAGE_ID) VALUES (4, 1);
commit;

-------------------------------------
---             Commit            ---
-------------------------------------

-- COMMIT

-------------------------------------
---              End              ---
-------------------------------------

spool off